Task Name,Description,Status,Priority,Assignee,Tags,Estimate,Due Date
BE-ID-00 Update PROJECT_OVERVIEW (API contract),"Document caseType enum (APPLICATION, LEARNING_OUTCOMES_REPORT, INTERNSHIP_JOURNAL). Extend POST /cases with caseType multipart field. Extend GET /cases with caseType filter. Document extractedPayload JSON shapes. Note email endpoints return 400 for document types. PR: internship_application_coordinator_be be/internship-documents/overview. Dependency: none.",to do,Urgent,Aykut,docs;api,0.25d,
BE-ID-01 caseType enum + DB migration,"Add CaseType on ApplicationCase; JSONB extractedPayload column. Flyway V4 migration. Update DTOs. Existing application cases unchanged. PR: be/internship-documents/case-type. Dependency: BE-ID-00.",to do,Urgent,Aykut,backend;db,0.5d,
BE-ID-02 File upload PDF + DOCX validator,"Generalize PdfFileValidator to DocumentFileValidator. Allow PDF and DOCX only; reject doc/images/etc. Store content type on ApplicationDocument. PR: be/internship-documents/file-validator. Dependency: BE-ID-01.",to do,Urgent,Aykut,backend;files,0.5d,
BE-ID-03 DOCX text extraction utility,"Apache POI docx to text. DocxTextExtractor for Gemini text path; keep PDF multimodal. PR: be/internship-documents/docx-extractor. Dependency: BE-ID-02.",to do,High,Aykut,backend;files,0.5d,
BE-ID-04 Learning Outcomes Report extraction agent,"Gemini prompt to JSON: student, dates, host company, learning outcomes W1-W5 U1-U11 K01-K03 K05 with waysOfAchieving, signatures, Dean section. Wire in CaseService.extract. PR: be/internship-documents/report-extraction. Dependency: BE-ID-03.",to do,Urgent,Aykut,ai;agent,1.5d,
BE-ID-05 Internship Journal extraction agent,"Gemini prompt to JSON: header fields + weeklyEntries with daily hours and activities. Wire in CaseService.extract. PR: be/internship-documents/journal-extraction. Dependency: BE-ID-03.",to do,Urgent,Aykut,ai;agent,2d,
BE-ID-06 Report completeness validation agent,"Required fields; all outcome codes with non-empty waysOfAchieving; student signature. PR: be/internship-documents/report-completeness. Dependency: BE-ID-04.",to do,High,Aykut,agent;validation,1d,
BE-ID-07 Report university rules agent,"Duration, placeholder text, supervisor signature, Dean YES/NO rules from internship-document-rules.json. PR: be/internship-documents/report-rules. Dependency: BE-ID-06.",to do,High,Aykut,agent;validation,1d,
BE-ID-08 Journal completeness validation agent,"Header fields; weekly rows with hours and activities per working day. PR: be/internship-documents/journal-completeness. Dependency: BE-ID-05.",to do,High,Aykut,agent;validation,1d,
BE-ID-09 Journal university rules agent,"Weekly hour sums, total hours, date range, overlap checks from config. PR: be/internship-documents/journal-rules. Dependency: BE-ID-08.",to do,High,Aykut,agent;validation,1.5d,
BE-ID-10 CaseService branching + disable email for documents,"createCaseWithDocument(file, caseType). Type-specific extract pipeline. clarification/supervisor-verification return 400 for non-APPLICATION. CLARIFY decision = note only. PR: be/internship-documents/service-branching. Dependency: BE-ID-07, BE-ID-09.",to do,Urgent,Aykut,backend;workflow,0.5d,
BE-ID-11 Decision recommendation prompts (report + journal),"Type-specific Gemini prompts for report and journal recommendation. PR: be/internship-documents/recommendation. Dependency: BE-ID-10.",to do,High,Aykut,ai;agent,0.5d,
BE-ID-12 List API caseType filter,"GET /cases?caseType= filter in CaseSpecifications. PR: be/internship-documents/list-filter. Dependency: BE-ID-01.",to do,High,Aykut,backend;api,0.25d,
BE-ID-13 Sample documents + seed endpoints,"Sample DOCX in test resources; seed 4 demo document cases. PR: be/internship-documents/seed-data. Dependency: BE-ID-11.",to do,Normal,Aykut,testing;data,0.5d,
BE-ID-14 Tests,"Unit tests for report/journal validators; MockMvc integration with mocked Gemini; application regression green. PR: be/internship-documents/tests. Dependency: BE-ID-11.",to do,High,Aykut,testing,1.5d,
BE-ID-15 README + docs update,"Document upload formats PDF/DOCX only; no email for documents module; same Vertex credentials. PR: be/internship-documents/readme. Dependency: BE-ID-14.",to do,Normal,Aykut,docs,0.25d,
